"8 January 2013", "13 January 2013"
"15 January 2013", "27 January 2013"
"29 January 2013", "10 February 2013"
"12 February 2013", "17 February 2013"
"19 February 2013", "24 February 2013"
"26 February 2013", "3 March 2013"
"5 March 2013", "10 March 2013"
"19 March 2013", "31 March 2013"
"2 April 2013", "7 April 2013"
"9 April 2013", "14 April 2013"
"16 April 2013", "21 April 2013"
"23 April 2013", "28 April 2013"
"30 April 2013", "5 May 2013"
"8 May 2013", "12 May 2013"
"14 May 2013", "26 May 2013"
"28 May 2013", "16 June 2013"
"18 June 2013", "18 August 2013"
"21 August 2013", "31 August 2013"
"3 September 2013", "15 September 2013"
"17 September 2013", "22 September 2013"
"29 September 2013", "12 October 2013"
"15 October 2013", "20 October 2013"
"22 October 2013", "27 October 2013"
"29 October 2013", "3 November 2013"
"5 November 2013", "10 November 2013"
"12 November 2013", "17 November 2013"
