"Abeler", "Jim"
"Anderson", "Bruce"
"Abrams", "Ron"
"Anderson", "Irv"
"Atkins", "Joe"
"Beard", "Michael"
"Bernardy", "Connie"
"Blaine", "Greg"
"Bradley", "Fran"
"Brod", "Laura"
"Buesgens", "Mark"
"Carlson", "Lyndon"
"Charron", "Mike"
"Clark", "Karen"
"Cornish", "Tony"
"Cox", "Ray"
"Cybart", "Lloyd"
"Davids", "Gregory"
"Davnie", "Jim"
"Dean", "Matt"
"DeLaForest", "Chris"
"Demmer", "Randy"
"Dempsey", "Jerry"
"Dill", "David"
"Dittrich", "Denise"
"Dorman", "Dan"
"Dorn", "John"
"Eastlund", "Rob"
"Eken", "Kent"
"Ellison", "Keith"
"Emmer", "Tom"
"Matt Entenza"
"Erhardt", "Ron"
"Erickson", "Sondra"
"Finstad", "Brad"
"Fritz", "Patti"
"Garofalo", "Pat"
"Gazelka", "Paul"
"Goodwin", "Barbara"
"Greiling", "Mindy"
"Gunther", "Bob"
"Hackbarth", "Tom"
"Hamilton", "Rod"
"Hansen", "Rick"
"Hausman", "Alice"
"Haws", "Larry"
"Heidgerken", "Bud"
"Hilstrom", "Debra"
"Hilty", "Bill"
"Holberg", "Mary Liz"
"Hoppe", "Joe"
"Hornstein", "Frank"
"Hortman", "Melissa"
"Hosch", "Larry"
"Howes", "Larry"
"Huntley", "Thomas"
"Jaros", "Mike"
"Johnson", "Jeff"
"Johnson", "Ruth"
"Johnson", "Sheldon"
"Juhnke", "Al"
"Kahn", "Phyllis"
"Kelliher", "Margaret Anderson"
"Klinzing", "Karen"
"Knoblach", "Jim"
"Koenen", "Lyle"
"Kohls", "Paul"
"Krinkie", "Philip"
"Lanning", "Morrie"
"Larson", "Dan"
"Latz", "Ron"
"Lenczewski", "Ann"
"Lesch", "John"
"Liebling", "Tina"
"Lieder", "Bernard"
"Lillie", "Leon"
"Loeffler", "Diane"
"Magnus", "Doug"
"Mahoney", "Tim"
"Mariani", "Carlos"
"Marquart", "Paul"
"McNamara", "Denny"
"Meslow", "Doug"
"Moe", "Frank"
"Mullery", "Joe"
"Murphy", "Mary"
"Nelson", "Michael"
"Nelson", "Peter"
"Newman", "Scott"
"Nornes", "Bud"
"Olson", "Mark"
"Otremba", "Mary Ellen"
"Ozment", "Dennis"
"Paulsen", "Erik"
"Paymar", "Michael"
"Pelowski", "Gene"
"Penas", "Maxine"
"Peppin", "Joyce"
"Peterson", "Aaron"
"Peterson", "Neil W."
"Peterson", "Sandra"
"Poppe", "Jeanne"
"Powell", "Duke"
"Rukavina", "Tom"
"Ruth", "Connie"
"Ruud", "Maria"
"Sailer", "Brita"
"Samuelson", "Char"
"Scalze", "Bev"
"Seifert", "Marty"
"Sertich", "Tony"
"Severson", "Dan"
"Sieben", "Katie"
"Simon", "Steve"
"Simpson", "Dean"
"Slawik", "Nora"
"Smith", "Steve"
"Soderstrom", "Judy"
"Solberg", "Loren"
"Sviggum", "Steve"
"Sykora", "Barb"
"Thao", "Cy"
"Thissen", "Paul"
"Tingelstad", "Kathy"
"Urdahl", "Dean"
"Vandeveer", "Ray"
"Wagenius", "Jean"
"Walker", "Neva"
"Wardlow", "Lynn"
"Welti", "Andy"
"Westerberg", "Andy"
"Westrom", "Torrey"
"Wilkin", "Tim"
"Zellers", "Kurt"
