"3 January", "One Love", "David Guetta"
"10 January", "Want", "3OH!3"
"17 January", "Running Trax", "Various artists"
"31 January", "Funky House Classics", "Various artists"
"7 February", "One Life Stand", "Hot Chip"
"14 February", "Heligoland", "Massive Attack"
"28 February", "Push It", "Various artists"
"7 March", "Black Light", "Groove Armada"
"14 March", "Plastic Beach", "Gorillaz"
"4 April", "Euphoria", "Various artists"
"18 April", "Floorfillers", "Various artists"
"25 April", "Clubland Smashed", "Various artists"
"2 May", "100 Chillout Classics", "Various artists"
"16 May", "Where Did the Night Fall", "Unkle"
"23 May", "The Dance", "Faithless"
"30 May", "Chilled Acoustic", "Various artists"
"27 June", "Won't Go Quietly", "Example"
"4 July", "Clubland 17", "Various artists"
"18 July", "Club Anthems 2010", "Various artists"
"25 July", "Gatecrasher Anthems", "Various artists"